{
  "inputNodes": 4,
  "hiddenLayers": 2,
  "hiddenNodes": 4,
  "outputNodes": 2,
  "weights": [
    {
      "mat": {
        "type": "org.ejml.data.DMatrixRMaj",
        "data": {
          "data": [
            -3.5020553592620147,
            2.73047591315608,
            -1.4413575719073903,
            -2.1637956790275648,
            1.4862684058731679,
            2.772212430422056,
            -1.5871865058041805,
            -3.538779526614274,
            -2.896115757263444,
            -1.1418592882160077,
            -1.2919680304564314,
            0.7369492088562639,
            1.395541716905747,
            -1.6457515776597789,
            0.24148196269739952,
            0.07261797347747002
          ],
          "numRows": 4,
          "numCols": 4
        }
      },
      "ops": {
        "type": "org.ejml.simple.ops.SimpleOperations_DDRM",
        "data": {}
      }
    },
    {
      "mat": {
        "type": "org.ejml.data.DMatrixRMaj",
        "data": {
          "data": [
            -0.3767462799499557,
            0.8024534333587525,
            0.6954154946031408,
            2.684000538341301,
            -3.0129049087579425,
            -1.3449185558846084,
            0.0633111251945856,
            2.4441561141458594,
            0.10793998043969599,
            -0.459539015959972,
            -1.3933635298598754,
            1.0087614340560231,
            2.3874508961580565,
            0.5608874664358126,
            2.949717518152561,
            -2.248794470423501
          ],
          "numRows": 4,
          "numCols": 4
        }
      },
      "ops": {
        "type": "org.ejml.simple.ops.SimpleOperations_DDRM",
        "data": {}
      }
    },
    {
      "mat": {
        "type": "org.ejml.data.DMatrixRMaj",
        "data": {
          "data": [
            -2.5225922573056976,
            -1.8098368268478442,
            0.2963927676750563,
            2.707620353410136,
            3.0832254240020673,
            -0.729587642247696,
            2.5363199806252483,
            -1.019977436029729
          ],
          "numRows": 2,
          "numCols": 4
        }
      },
      "ops": {
        "type": "org.ejml.simple.ops.SimpleOperations_DDRM",
        "data": {}
      }
    }
  ],
  "biases": [
    {
      "mat": {
        "type": "org.ejml.data.DMatrixRMaj",
        "data": {
          "data": [
            0.793727864170381,
            -0.46738925393545994,
            1.3243180314318295,
            0.09795237563932424
          ],
          "numRows": 4,
          "numCols": 1
        }
      },
      "ops": {
        "type": "org.ejml.simple.ops.SimpleOperations_DDRM",
        "data": {}
      }
    },
    {
      "mat": {
        "type": "org.ejml.data.DMatrixRMaj",
        "data": {
          "data": [
            -1.3891061296435343,
            1.4296725750684334,
            -1.477071894195559,
            0.1703517779124858
          ],
          "numRows": 4,
          "numCols": 1
        }
      },
      "ops": {
        "type": "org.ejml.simple.ops.SimpleOperations_DDRM",
        "data": {}
      }
    },
    {
      "mat": {
        "type": "org.ejml.data.DMatrixRMaj",
        "data": {
          "data": [
            3.8232878160577197,
            1.8283449605472322
          ],
          "numRows": 2,
          "numCols": 1
        }
      },
      "ops": {
        "type": "org.ejml.simple.ops.SimpleOperations_DDRM",
        "data": {}
      }
    }
  ],
  "learningRate": 0.1,
  "activationFunctionKey": "SIGMOID"
}